,ID,school,sex,age,address,famsize,Pstatus,Medu,Fedu,Mjob,Fjob,reason,guardian,traveltime,studytime,failures,schoolsup,famsup,paid,activities,nursery,higher,internet,romantic,famrel,freetime,goout,Dalc,Walc,health,absences,grade
0,177,1,1,17,1,0,1,2,2,4,4,2,0,1,2,0,0,1,0,0,0,1,1,0,5,4,5,1,2,5,12,14
1,368,1,1,15,1,0,1,2,2,4,4,2,0,1,4,0,1,1,0,0,1,1,1,0,5,1,2,1,1,3,4,10
2,120,1,0,17,1,0,1,1,2,3,2,3,2,2,2,0,0,0,0,1,0,1,1,0,4,4,4,4,5,5,16,12
3,230,0,1,17,0,0,1,1,1,4,2,1,0,3,1,1,0,1,0,0,1,1,1,1,5,2,1,1,2,1,0,9
4,353,1,1,18,1,1,1,2,2,4,4,0,2,1,2,0,0,0,0,1,0,1,1,1,4,3,3,1,1,2,0,12
5,583,1,1,15,1,1,0,4,3,4,4,2,0,1,2,0,1,1,1,1,1,1,1,1,5,2,2,1,1,5,4,11
6,127,1,1,16,0,0,1,3,3,2,4,1,1,1,3,0,1,1,0,1,1,1,1,0,4,1,2,1,1,2,4,11
7,564,1,0,18,1,0,1,2,1,2,2,1,0,1,3,0,0,0,0,1,1,1,1,0,4,2,4,1,3,2,0,15
8,146,1,1,16,1,0,1,1,1,3,4,0,0,2,1,0,0,1,0,0,1,1,0,0,4,3,2,1,4,5,2,13
9,334,1,0,15,1,1,1,1,2,4,3,0,1,1,2,0,1,1,0,1,1,1,1,0,4,3,2,1,1,5,0,14
10,234,0,1,17,0,0,1,0,0,3,4,2,0,2,1,0,0,1,0,0,1,1,1,0,4,4,3,1,1,5,0,11
11,606,0,1,15,0,0,1,1,1,3,4,0,1,2,2,0,0,1,0,1,1,1,1,0,4,3,3,1,1,2,1,11
12,438,0,1,15,0,0,1,3,3,3,4,2,0,2,1,0,0,1,0,0,1,1,1,0,5,4,4,2,3,5,4,11
13,141,1,1,16,1,0,0,2,2,4,4,0,0,1,1,1,0,0,0,0,1,1,0,0,5,3,4,1,1,5,12,11
14,332,0,1,16,0,1,1,2,2,4,2,2,1,1,2,0,0,0,0,1,1,1,0,1,5,4,3,1,1,1,0,12
15,47,1,0,15,1,0,1,2,3,4,4,0,0,1,3,0,1,0,0,0,0,1,1,0,5,3,2,1,2,5,2,9
16,104,1,1,17,1,1,1,2,2,2,4,2,0,2,2,0,1,1,0,0,1,1,1,1,4,4,4,2,3,5,6,12
17,180,1,0,16,0,0,1,2,2,3,4,2,0,3,1,0,0,0,0,0,0,1,0,0,4,2,2,1,2,3,4,11
18,102,1,0,18,1,1,1,4,4,0,0,0,0,1,1,0,0,1,0,0,1,1,1,1,1,4,2,2,2,1,0,17
19,193,0,0,17,1,1,1,4,4,4,2,0,0,1,3,0,0,1,0,0,1,1,1,0,4,4,3,1,2,5,0,16
20,619,1,1,18,0,0,1,3,1,4,4,1,0,1,2,0,0,0,0,1,1,1,1,1,5,3,3,1,1,4,4,8
21,482,0,0,18,1,1,1,1,1,3,3,2,0,2,2,0,0,1,0,1,1,1,0,0,4,3,3,1,4,5,6,10
22,405,1,1,18,0,0,1,1,1,3,4,2,0,3,1,3,0,1,0,1,0,1,0,0,5,2,5,1,5,4,6,11
23,308,0,1,16,1,0,1,1,2,4,2,2,0,1,3,1,0,1,0,0,1,1,0,0,1,3,2,1,2,4,3,8
24,207,1,1,17,0,1,1,4,4,2,4,3,0,1,1,0,0,1,0,0,1,1,0,0,5,2,1,1,2,3,6,11
25,381,1,1,18,1,0,1,4,3,4,4,2,0,1,3,0,0,1,0,1,1,1,1,1,4,3,4,1,1,5,2,17
26,169,0,1,18,1,1,1,2,2,2,2,2,1,2,3,0,0,0,0,0,1,1,1,1,5,4,5,1,4,3,0,13
27,115,0,1,17,0,0,1,4,2,4,4,2,0,2,2,0,1,1,0,0,0,1,1,0,4,3,3,2,3,5,0,18
28,600,1,1,18,1,0,0,4,4,3,0,2,0,2,2,0,1,0,0,0,1,1,0,0,4,3,4,1,1,3,4,11
29,201,1,0,16,1,1,1,4,3,0,4,2,0,1,1,0,0,0,0,1,0,1,1,0,5,4,5,1,1,3,7,15
30,617,0,0,17,1,0,1,1,1,3,2,3,0,3,2,0,0,0,0,0,1,1,1,1,5,1,3,3,3,1,0,10
31,639,0,1,15,0,0,1,1,2,4,2,2,0,2,1,0,0,0,0,0,1,1,0,0,5,1,2,1,1,1,3,13
32,48,1,0,17,1,0,1,4,4,2,0,0,0,1,1,0,0,0,0,0,1,1,1,0,5,2,3,1,2,5,4,14
33,32,1,1,15,1,0,1,4,4,0,1,1,0,1,2,0,0,1,0,0,1,1,1,0,3,3,3,1,2,2,2,14
34,570,1,0,18,1,0,1,2,1,2,2,3,0,1,1,2,0,0,0,0,0,0,1,0,3,2,5,2,5,5,4,6
35,352,1,1,18,1,0,1,3,3,3,4,2,1,1,2,0,0,1,0,0,1,1,1,0,4,1,4,1,1,3,8,14
36,16,0,0,17,0,0,1,2,2,4,4,2,0,2,1,0,0,0,0,1,1,0,0,1,5,5,5,3,5,5,0,10
37,393,1,1,16,1,0,1,2,2,3,4,0,0,1,2,1,1,0,0,1,1,1,1,0,3,1,2,1,1,5,12,10
38,372,0,0,16,1,0,1,4,4,4,0,2,1,1,2,0,0,1,0,1,1,1,0,1,4,3,1,1,1,3,0,13
39,208,0,1,18,1,0,1,3,3,4,4,0,0,1,2,0,0,0,0,0,1,1,1,1,4,1,3,1,2,1,1,16
40,36,0,1,17,0,0,1,3,1,4,4,2,0,2,2,3,0,1,0,1,0,1,1,1,5,4,4,1,1,5,2,10
41,236,1,1,18,1,0,1,2,1,4,4,2,2,2,3,0,0,1,0,0,0,1,1,1,4,4,4,1,1,3,10,11
42,172,1,1,18,1,0,1,2,3,3,4,2,0,1,3,0,0,1,0,0,1,1,1,0,4,3,3,1,2,3,0,14
43,350,1,0,16,1,0,1,2,1,4,4,2,0,3,1,0,0,0,0,0,1,1,1,0,4,3,3,1,1,4,7,16
44,387,1,0,15,1,0,1,4,0,0,4,2,0,2,4,0,0,0,0,1,1,1,1,0,3,4,3,1,1,1,0,11
45,116,1,0,15,1,1,1,4,2,0,4,2,0,1,1,0,0,0,0,0,1,1,1,0,3,5,2,1,1,3,10,18
46,283,1,1,17,1,0,1,3,1,4,3,0,0,1,1,1,0,1,1,0,1,1,1,1,4,1,2,1,1,3,6,13
47,640,1,1,16,1,0,0,2,1,4,4,3,0,1,2,0,0,0,0,1,1,1,1,1,5,3,4,1,1,2,2,12
48,209,1,0,15,1,0,1,2,2,4,4,0,0,1,1,0,0,1,0,0,1,1,1,0,4,2,2,1,2,5,8,12
49,557,0,1,15,1,0,1,2,2,4,2,2,0,2,3,0,0,1,0,1,1,1,0,0,5,3,2,1,1,4,0,14
50,536,1,1,15,1,0,1,4,4,2,3,2,0,1,3,0,0,1,0,1,1,1,1,1,4,3,3,1,1,5,4,15
51,71,1,1,18,1,0,1,2,2,4,4,2,0,1,1,0,0,1,0,1,1,1,1,1,4,3,5,2,4,5,2,10
52,95,1,1,15,1,0,1,4,4,2,0,3,1,1,2,0,1,1,0,1,0,1,1,0,4,4,4,1,1,3,2,12
53,499,1,0,21,0,1,1,1,1,3,4,2,2,2,2,2,0,1,0,1,1,0,1,1,5,3,3,5,2,4,21,10
54,433,1,1,18,0,0,1,2,2,3,4,2,0,2,4,0,0,0,0,1,1,1,0,0,4,4,4,1,1,4,6,14
55,349,0,1,16,1,0,1,2,1,4,2,2,0,1,2,0,0,1,0,1,1,1,1,0,5,3,3,1,1,1,0,14
56,125,1,1,17,1,0,1,4,2,4,4,1,0,2,3,0,0,1,0,0,1,1,1,0,4,3,3,1,1,3,0,16
57,56,0,1,19,1,0,1,1,1,3,2,3,1,2,1,1,0,0,0,0,1,0,0,0,5,5,5,2,3,2,0,0
58,216,0,1,17,1,0,1,0,1,4,3,2,1,2,1,0,0,0,0,1,0,1,0,0,2,4,4,3,5,5,5,10
59,634,1,1,17,1,1,1,4,3,1,4,1,1,1,2,0,0,0,0,1,1,1,1,1,3,2,3,1,2,3,0,12
60,222,0,1,18,1,0,1,1,1,4,4,2,0,3,2,2,0,0,0,1,1,1,0,1,3,4,4,2,2,5,3,7
61,293,0,0,16,1,1,0,2,2,4,2,2,1,2,2,0,0,1,0,0,0,1,1,1,4,1,2,2,2,5,0,13
62,470,1,0,15,1,0,0,4,4,4,2,1,0,1,4,0,0,1,0,1,0,1,1,1,1,3,3,5,5,3,0,12
63,160,1,0,16,1,0,1,2,2,4,4,2,1,1,2,0,0,0,0,0,1,0,1,0,4,3,5,2,4,4,0,11
64,300,1,1,15,1,0,1,4,4,2,2,1,1,2,2,0,0,0,0,0,1,1,1,1,4,4,4,2,3,5,4,12
65,55,0,0,17,1,0,1,1,1,4,4,0,0,1,2,0,0,0,1,0,0,1,1,0,4,4,3,2,4,5,4,9
66,360,1,1,16,1,0,1,1,2,4,4,2,0,1,1,0,0,0,0,0,1,0,1,0,5,3,5,1,2,5,4,11
67,375,0,1,15,0,1,1,1,1,4,2,2,0,2,1,1,0,1,0,0,1,1,1,1,4,4,3,1,2,2,4,8
68,189,1,0,15,1,1,0,2,1,2,4,2,0,4,1,0,0,0,0,0,1,1,1,0,4,5,5,2,5,5,0,11
69,49,0,1,17,1,0,0,1,1,3,3,3,0,1,2,0,0,0,0,1,1,1,1,1,4,5,5,1,2,3,2,11
70,623,0,1,16,1,1,1,4,4,2,2,3,1,2,1,0,0,1,0,0,1,1,0,0,5,1,3,1,2,5,1,11
71,444,1,1,16,1,0,0,4,1,4,4,0,0,1,2,0,0,0,0,1,1,1,1,1,5,3,3,1,2,5,0,13
72,501,1,0,15,1,0,1,4,4,2,2,1,0,2,2,0,0,1,0,1,1,1,1,0,4,3,1,1,1,5,2,15
73,413,1,1,16,1,0,1,2,1,4,4,2,0,1,2,0,0,1,0,0,1,1,0,1,4,3,5,1,1,5,0,12
74,163,1,1,15,1,1,1,1,1,3,4,3,0,1,2,0,1,0,0,0,1,1,1,0,4,3,2,2,3,3,6,12
75,621,1,1,15,1,0,1,1,2,3,2,2,1,1,2,0,0,0,0,0,0,1,0,1,2,3,4,2,4,1,6,11
76,629,0,1,17,0,0,1,1,1,3,4,1,0,2,1,0,0,1,0,1,0,1,1,1,4,4,5,1,2,5,0,11
77,484,1,0,18,1,1,1,2,2,2,2,1,0,1,2,0,0,1,0,1,0,0,1,0,4,4,4,1,3,3,11,12
78,313,1,1,18,1,1,1,1,1,4,3,0,0,1,3,0,0,1,0,0,0,1,0,0,4,4,3,2,3,3,4,14
79,624,1,1,16,1,1,1,1,2,4,2,1,1,1,2,0,1,0,0,1,1,1,1,0,4,4,3,1,1,1,0,10
80,517,1,1,17,1,0,1,1,1,3,4,2,0,1,2,0,1,0,0,0,0,1,0,1,4,3,2,1,1,4,10,10
81,92,1,0,17,0,0,1,1,3,4,4,2,1,3,2,1,0,1,0,1,1,1,1,0,5,2,4,1,4,5,14,11
82,103,1,0,18,0,0,1,3,2,4,4,2,0,1,3,0,0,0,0,1,0,1,0,0,5,3,2,1,1,3,2,12
83,596,0,1,16,0,1,1,1,1,2,2,0,0,1,1,0,0,1,0,1,1,1,1,1,4,4,4,2,2,4,2,14
84,595,1,1,18,1,0,1,3,2,2,4,0,0,1,2,0,0,1,0,1,0,1,1,1,3,1,2,1,2,1,4,13
85,82,1,0,18,1,0,1,4,2,0,4,0,0,1,2,0,0,1,0,1,1,1,1,1,4,3,2,1,4,5,2,16
86,503,1,0,16,1,0,1,4,4,2,2,2,0,1,1,0,0,0,1,1,1,1,1,0,5,3,2,1,2,5,4,15
87,342,1,0,17,1,0,1,3,3,4,2,1,0,1,1,0,0,0,0,1,0,1,1,0,4,3,5,3,5,5,0,17
88,566,1,0,16,1,0,1,3,4,4,4,2,1,3,1,1,0,1,0,1,0,1,1,0,3,4,5,2,4,2,4,10
89,33,1,1,16,1,0,1,4,4,1,4,0,0,1,1,0,0,1,0,0,1,1,1,0,4,4,4,1,2,2,6,17
90,25,0,1,18,1,0,1,1,1,3,2,2,0,3,2,1,0,0,0,0,1,0,0,0,4,4,2,1,2,2,2,10
91,534,1,1,17,0,0,1,4,3,0,4,1,0,2,3,0,0,1,0,1,1,1,1,1,4,4,2,1,1,4,0,12
92,507,1,0,17,0,0,1,2,1,4,4,2,0,1,1,0,0,0,0,0,0,1,1,0,4,4,2,2,4,5,0,13
93,338,1,1,17,1,0,1,2,2,4,2,1,1,3,3,0,0,1,0,0,1,1,1,1,4,2,3,1,1,1,8,15
94,93,1,1,17,1,0,1,2,2,4,4,2,0,1,2,0,0,1,0,0,1,1,0,1,4,2,2,1,1,3,4,13
95,299,1,0,15,1,1,0,3,2,2,4,0,0,1,2,0,0,1,0,0,1,1,1,0,4,2,2,1,1,1,0,17
96,363,0,0,18,1,0,1,3,3,3,3,2,0,1,2,2,0,1,0,1,1,0,1,0,4,4,5,1,3,3,9,8
97,489,0,1,17,0,0,1,3,2,3,4,2,1,1,2,1,0,0,0,0,1,1,0,1,4,5,4,1,2,5,0,10
98,511,0,1,16,1,1,1,2,1,4,2,3,0,1,2,0,0,0,0,0,1,1,1,1,3,2,2,1,1,3,0,16
99,7,0,1,18,1,1,1,1,1,4,3,1,0,2,2,0,1,0,0,0,1,1,0,0,2,3,5,1,4,3,8,10
100,62,1,1,16,1,1,1,2,2,3,4,2,0,1,2,0,0,1,0,0,1,1,0,0,4,3,4,1,2,2,6,11
101,490,0,1,16,1,1,0,2,2,4,4,0,0,1,1,0,0,1,0,0,1,0,0,0,4,3,4,1,2,1,6,8
102,452,1,1,17,1,0,1,2,4,2,2,1,1,1,2,0,0,1,0,1,1,1,0,0,5,4,2,2,3,5,0,17
103,325,1,1,18,0,0,1,4,4,0,4,1,0,2,2,0,0,0,0,1,1,1,1,0,4,3,4,2,2,4,8,12
104,392,1,0,18,1,0,1,4,3,0,4,2,0,1,3,0,0,1,0,0,1,1,1,1,5,4,5,2,3,5,0,14
105,402,0,0,18,0,0,1,1,3,3,4,2,0,2,2,0,0,1,1,0,1,1,0,0,3,3,4,2,4,3,0,9
106,525,0,1,16,0,1,1,1,2,4,4,1,0,2,1,0,0,0,0,1,1,1,1,0,5,4,5,1,4,2,0,15
107,447,1,1,15,1,0,1,1,2,3,2,2,0,1,2,0,0,0,0,0,0,1,1,0,3,2,3,1,2,1,0,14
108,532,1,0,17,0,0,1,1,2,3,4,0,0,1,2,0,0,0,0,0,1,1,0,0,3,1,3,1,5,3,6,10
109,63,1,0,18,1,0,1,2,2,4,4,1,0,1,1,0,0,0,0,0,0,1,1,0,5,4,2,1,2,5,6,15
110,290,1,1,16,1,0,1,4,3,0,1,0,0,1,3,0,1,1,0,1,1,1,1,0,3,4,4,2,4,4,0,13
111,604,1,0,16,1,0,1,2,2,2,4,1,1,2,2,0,0,0,0,1,0,1,1,0,4,4,2,1,1,3,6,11
112,128,0,0,16,0,0,1,1,1,3,4,3,1,2,1,0,0,0,0,1,1,1,0,0,3,4,4,3,4,5,6,11
113,250,1,1,17,1,0,1,1,1,3,4,1,0,1,3,0,0,1,0,1,1,1,0,1,4,3,4,1,1,5,12,12
114,105,1,1,16,1,1,1,2,2,4,4,0,0,2,2,0,0,1,0,1,0,1,1,1,3,3,3,1,2,3,16,10
115,466,1,1,18,0,0,1,2,1,4,4,1,0,2,2,0,0,1,0,0,1,0,1,1,4,3,5,1,2,3,12,10
116,333,0,1,18,1,0,1,1,2,3,3,2,1,2,2,0,0,1,0,0,1,0,0,0,4,1,1,1,1,4,0,12
117,174,1,1,17,0,1,0,1,4,4,4,2,2,4,1,1,0,1,0,0,1,1,1,0,5,5,4,1,1,5,14,8
118,54,1,0,17,1,0,1,3,3,1,4,0,0,1,1,0,0,1,0,0,1,1,1,0,4,4,3,1,3,5,0,15
119,75,0,1,17,1,0,1,4,2,0,4,2,1,2,4,0,0,0,0,0,1,1,1,1,4,2,3,3,1,5,0,18
120,459,0,0,17,1,0,1,3,3,2,2,0,0,1,1,0,0,1,0,1,1,1,1,0,4,1,4,5,5,3,8,9
121,197,1,0,17,0,1,1,1,1,4,2,2,0,4,2,0,0,0,0,1,1,0,0,1,5,3,5,1,5,5,0,8
122,504,0,1,16,0,0,1,1,1,4,4,0,1,4,4,0,0,1,0,0,0,1,1,0,4,3,2,1,1,1,0,13
123,521,1,1,16,1,0,1,4,4,4,4,1,0,1,1,0,0,0,0,1,0,1,1,0,5,3,4,1,2,1,4,13
124,618,1,0,17,0,1,1,1,2,4,4,1,0,1,1,3,0,0,0,0,1,1,0,0,2,2,2,3,3,5,14,10
125,273,0,0,16,1,0,1,1,1,3,2,0,0,2,2,0,0,1,0,1,1,1,0,1,5,4,5,4,5,3,0,0
126,415,1,0,15,1,0,1,4,4,4,0,1,1,2,2,0,0,1,0,1,1,1,0,0,4,4,3,1,1,2,4,16
127,573,1,1,15,0,0,1,3,3,2,2,1,2,2,3,0,0,1,1,1,1,1,1,1,4,2,1,2,3,3,2,13
128,159,0,1,15,0,1,1,1,1,3,4,2,0,2,1,0,0,1,0,0,1,0,0,1,5,2,1,1,3,4,0,9
129,268,1,1,16,1,0,0,3,1,2,4,2,0,1,2,0,0,1,0,0,1,1,1,0,2,3,3,2,2,4,2,12
130,631,0,1,16,0,0,1,2,2,4,4,2,0,2,2,0,0,1,0,1,1,1,1,0,4,4,4,1,1,5,0,12
131,187,1,0,17,1,0,1,1,1,4,4,1,1,1,2,0,0,0,0,0,0,1,1,0,4,3,3,1,2,4,0,12
132,509,0,1,18,1,0,1,2,2,4,4,2,0,2,2,0,0,1,0,0,0,1,1,1,1,3,1,1,1,2,4,10
133,458,0,1,15,0,1,1,2,2,4,4,3,1,1,3,0,1,1,0,0,1,1,0,0,4,4,3,2,2,5,2,12
134,535,1,1,19,1,0,1,0,1,3,4,2,2,1,2,2,0,1,0,0,0,0,0,0,3,4,2,1,1,5,0,11
135,206,0,1,17,1,0,1,4,1,1,3,2,0,1,1,0,0,1,0,0,1,1,0,1,3,2,2,1,1,5,0,9
136,527,1,1,18,1,0,1,2,1,2,4,2,0,2,2,0,0,1,0,1,1,1,1,0,5,3,3,1,2,1,2,15
137,389,1,0,18,1,1,1,2,1,2,4,2,0,3,2,1,0,0,0,1,0,0,1,0,4,4,5,4,4,5,4,11
138,610,1,0,17,0,0,1,2,2,4,2,3,0,2,1,0,0,0,0,0,0,0,0,0,5,2,2,1,1,4,0,10
139,14,0,0,16,0,0,1,2,2,2,2,2,0,2,1,0,0,1,0,1,1,1,1,1,5,4,3,2,4,4,6,8
140,249,0,1,16,0,1,1,1,1,3,4,2,1,3,2,0,0,1,0,0,1,1,0,0,5,3,2,1,1,1,0,18
141,317,1,0,16,1,1,1,2,1,3,4,2,0,1,1,1,0,0,0,1,1,1,0,1,4,4,4,3,5,5,6,10
142,121,1,0,17,1,0,1,3,1,2,4,3,0,1,2,0,0,0,0,1,1,1,1,1,5,4,4,3,4,5,0,14
143,247,1,0,15,1,0,1,4,4,0,1,1,0,1,2,0,0,1,0,1,1,1,0,0,3,2,2,1,1,5,8,16
144,401,1,0,15,1,1,0,4,4,0,0,2,0,1,1,0,0,0,0,1,1,1,1,0,5,5,3,1,1,4,4,14
145,541,1,1,18,1,0,1,3,3,4,4,2,0,2,1,1,0,0,0,0,1,0,1,0,4,1,1,1,1,3,14,7
146,529,1,0,15,1,1,0,4,2,1,1,3,1,2,1,0,0,0,0,0,1,1,0,0,5,5,5,3,4,5,4,9
147,18,1,0,16,1,1,1,2,2,4,4,0,0,1,2,0,0,0,0,0,1,1,1,0,4,4,4,1,1,3,0,13
148,469,1,1,17,1,0,0,2,1,4,4,2,0,2,3,0,0,0,0,1,1,1,1,1,3,2,3,1,2,3,0,16
149,130,0,1,17,1,0,1,1,1,4,3,2,0,1,1,0,0,1,0,1,1,1,0,0,4,3,2,1,2,5,9,10
150,217,1,0,15,1,0,1,2,2,2,2,2,1,1,1,0,1,1,0,0,1,1,1,0,5,4,1,1,1,1,0,10
151,90,1,0,17,1,0,1,3,3,4,4,1,1,1,2,0,0,0,0,1,0,1,1,0,4,3,4,1,4,4,4,10
152,5,0,0,17,1,0,1,2,3,4,2,0,1,2,2,0,0,0,0,1,1,1,1,0,4,4,3,1,1,3,4,16
153,492,1,1,18,0,1,1,1,1,3,4,1,0,2,4,0,0,1,0,1,1,1,0,0,5,2,2,1,1,3,2,18
154,329,1,0,16,1,1,1,2,2,4,4,1,0,2,2,0,0,1,0,1,1,1,1,0,5,4,4,2,4,5,2,10
155,336,1,1,16,1,0,1,3,4,3,4,2,0,1,2,0,0,1,0,0,1,1,1,0,2,4,3,1,2,3,14,11
156,132,1,0,17,1,1,1,1,1,1,4,2,0,2,1,1,0,1,0,1,1,1,1,0,4,4,4,1,2,5,0,10
157,326,1,1,15,0,1,1,3,1,4,4,1,1,2,4,0,0,1,0,0,0,1,1,0,4,4,2,2,3,3,6,15
158,151,0,1,17,1,0,1,3,3,2,2,2,0,2,1,0,0,1,0,0,1,1,1,0,4,4,3,1,1,4,0,13
159,581,0,0,17,0,0,1,2,1,4,4,3,0,3,1,0,0,0,0,1,1,0,0,1,5,5,5,5,5,3,8,9
160,271,1,1,15,0,0,1,1,1,4,4,1,0,1,2,0,1,1,0,0,0,1,1,1,3,3,4,2,4,5,2,11
161,257,1,1,16,1,0,1,4,2,0,2,0,0,2,2,0,0,1,0,1,1,1,1,0,5,3,3,1,1,1,2,14
162,516,1,1,17,1,1,0,2,2,4,4,0,0,1,1,1,0,1,0,0,0,0,1,0,3,1,2,1,1,1,8,10
163,122,0,0,16,1,1,1,2,1,3,2,2,0,2,1,0,0,1,0,1,1,1,1,0,2,4,3,2,3,4,4,10
164,85,1,0,15,1,1,1,4,3,0,2,0,0,1,3,0,0,1,0,1,1,1,1,0,5,4,3,1,1,4,0,14
165,162,1,1,18,1,0,1,2,3,4,2,1,1,1,4,0,0,1,0,1,1,1,1,1,4,5,5,1,3,2,10,16
166,591,0,1,18,0,0,1,1,1,3,3,2,0,2,1,1,0,0,0,0,0,0,1,1,3,2,3,1,1,2,4,10
167,559,1,0,17,0,0,1,1,2,3,3,0,0,1,2,0,0,1,0,1,0,1,0,1,3,5,2,2,2,1,2,18
168,567,0,1,16,1,0,1,1,3,3,4,3,1,2,1,0,0,1,0,0,1,0,1,1,4,3,3,1,3,5,11,11
169,289,1,0,20,1,0,0,3,2,2,4,2,2,1,1,2,0,0,0,1,1,1,0,0,5,5,3,1,1,5,0,15
170,633,1,1,16,1,0,1,2,3,4,4,1,0,1,2,0,1,1,0,1,1,1,0,0,4,4,3,1,3,4,4,12
171,171,0,1,16,0,0,1,4,4,1,0,1,1,1,2,0,0,0,0,1,0,1,1,1,4,3,3,2,3,2,0,16
172,565,1,1,18,1,0,1,1,1,4,4,0,0,2,3,0,0,0,0,1,1,1,1,0,4,5,5,1,2,2,0,14
173,137,0,1,18,0,1,0,1,2,3,4,2,0,3,2,0,0,0,0,0,1,1,0,1,4,3,4,1,4,5,0,15
174,45,1,1,18,1,0,1,4,4,0,4,2,0,1,2,0,0,1,0,0,1,1,1,0,4,4,4,3,3,5,0,13
175,255,1,0,16,1,0,1,0,2,4,4,3,0,1,1,0,0,0,0,0,0,1,1,0,4,3,2,2,4,5,0,11
176,296,0,0,18,0,0,1,3,2,4,4,2,0,2,1,0,0,1,0,0,0,1,1,0,2,5,5,5,5,5,8,11
177,298,1,0,17,1,1,1,4,4,0,4,1,0,1,2,0,0,1,0,1,1,1,1,0,4,4,4,1,3,5,0,10
178,609,1,0,16,1,0,1,4,4,1,4,2,0,1,1,0,0,1,0,1,1,1,1,0,3,4,4,1,4,5,4,13
179,126,0,0,15,0,1,1,4,1,1,2,1,1,1,2,0,0,1,0,1,1,1,1,0,5,3,4,1,2,2,7,8
180,385,1,0,16,1,0,1,4,4,2,0,3,1,1,3,0,0,1,0,1,1,1,1,1,4,4,3,1,1,4,0,16
181,319,1,0,18,1,1,0,4,4,0,0,1,0,1,2,0,0,1,0,1,1,1,1,0,5,4,3,1,1,2,0,17
182,161,0,0,19,1,0,1,2,1,3,4,2,2,2,1,3,0,0,0,1,0,0,1,1,4,4,3,1,3,5,4,9
183,24,1,0,15,0,0,1,4,3,0,3,2,0,1,2,0,0,1,0,1,1,1,1,1,4,5,2,1,1,5,0,15
184,134,1,0,17,1,1,0,3,2,4,4,1,0,1,2,0,0,1,0,0,1,1,1,0,4,4,4,1,2,5,10,18
185,235,0,0,17,1,0,1,2,2,4,4,2,0,1,1,1,0,0,0,1,1,1,0,1,1,2,1,2,3,5,0,0
186,223,0,1,18,0,1,0,4,2,0,4,1,0,1,2,0,0,0,0,1,1,1,1,1,5,3,1,1,1,5,0,0
187,397,1,1,16,1,0,0,3,3,4,4,2,2,2,1,0,0,1,0,1,0,1,1,1,4,3,2,1,1,5,4,10
188,305,1,0,16,0,0,1,4,3,2,4,1,0,2,1,0,1,1,1,1,0,1,1,0,3,3,3,1,1,4,6,11
189,442,1,0,16,1,1,1,4,3,1,4,0,1,1,1,0,0,0,0,1,1,1,1,0,3,1,3,1,3,5,6,12
190,578,1,0,15,1,1,1,4,4,0,4,0,2,1,1,0,0,1,0,0,0,1,1,1,5,4,3,2,4,5,8,11
191,616,1,0,19,0,0,1,3,3,4,2,1,1,1,2,0,0,0,0,1,1,1,0,1,4,5,3,1,2,5,0,11
192,173,1,1,17,1,1,1,1,1,3,3,2,0,1,3,0,0,1,0,1,1,1,1,1,4,3,2,1,2,4,10,10
193,188,0,0,17,1,0,1,3,4,2,4,3,0,1,2,1,0,1,0,1,0,1,1,1,5,4,4,3,4,5,8,8
194,601,0,1,17,0,0,1,1,2,4,4,2,0,1,1,0,0,0,0,1,1,1,1,0,3,5,5,1,3,1,4,9
195,231,1,0,16,1,0,1,3,3,4,2,0,1,2,1,0,0,0,0,1,1,1,1,0,5,4,2,1,1,5,6,15
196,411,1,1,15,1,0,1,4,2,4,4,1,0,1,3,0,0,1,0,1,1,1,1,0,5,3,3,1,3,1,4,15
197,9,1,0,16,1,0,1,2,3,4,4,0,1,2,1,0,0,0,0,0,1,1,1,0,5,3,3,1,1,3,0,12
198,74,0,1,17,0,0,1,1,1,3,3,2,1,2,1,0,0,1,0,1,1,0,1,1,3,5,5,2,2,4,3,10
199,10,0,1,19,0,0,1,1,1,3,4,2,2,2,2,1,0,1,0,0,1,1,1,1,4,3,3,1,1,3,4,9
200,242,1,1,18,1,1,1,4,3,4,4,0,2,2,2,0,0,1,0,0,1,1,1,1,4,4,5,1,2,2,0,14
201,533,1,1,16,1,0,1,3,1,2,4,2,0,1,4,0,1,1,0,0,1,1,1,0,4,3,3,1,2,5,0,10
202,468,1,1,15,1,0,1,3,2,1,2,0,1,1,2,1,0,1,0,0,1,1,1,0,3,3,2,1,1,3,2,11
203,108,0,1,16,1,0,1,1,2,4,2,2,0,1,3,1,0,1,0,0,1,1,0,0,1,3,2,1,2,4,0,8
204,562,1,1,17,1,0,1,2,3,4,4,2,1,2,2,0,0,0,0,1,1,1,1,1,4,2,1,1,1,3,2,14
205,58,1,0,17,1,0,1,3,3,2,2,3,0,1,2,0,0,1,0,1,1,1,1,1,4,3,4,2,3,4,6,14
206,487,0,0,17,0,0,1,1,1,4,2,2,0,2,1,0,0,1,0,1,0,1,1,1,4,5,5,1,3,2,0,10
207,228,0,1,17,1,0,1,4,4,1,1,2,1,1,2,0,0,1,0,0,1,1,1,0,5,2,5,1,1,5,0,16
208,304,0,1,16,1,1,1,4,1,4,4,0,0,2,2,0,0,1,0,1,1,1,1,0,1,2,4,2,2,1,8,10
209,426,0,0,16,1,1,1,2,2,2,2,3,0,4,3,0,0,0,0,0,1,1,0,0,5,1,3,2,2,3,0,10
210,637,1,1,16,1,0,1,4,3,0,4,3,0,1,2,0,0,0,0,1,1,1,1,1,1,3,2,1,1,1,4,15
211,182,1,1,17,1,1,0,2,1,4,4,2,0,3,1,0,0,1,0,0,1,1,1,0,3,2,2,1,2,5,8,11
212,3,1,0,17,1,1,1,4,3,1,4,2,0,2,2,0,0,0,0,1,1,1,1,1,2,5,5,1,4,5,8,15
213,462,0,1,17,1,0,1,4,3,0,4,3,0,2,2,0,0,0,0,0,1,1,1,0,5,5,4,1,1,1,0,11
214,554,0,0,15,1,1,0,2,1,2,2,2,0,1,1,0,0,0,0,1,1,1,1,0,4,3,3,1,2,5,11,12
215,643,1,1,17,1,1,1,3,3,4,4,1,0,1,2,0,0,1,0,1,1,1,1,1,5,3,3,2,3,1,32,14
216,88,1,1,17,1,0,1,4,4,4,0,2,0,1,1,0,1,1,0,0,1,1,0,1,4,2,1,1,1,4,0,13
217,292,1,0,17,1,0,1,2,3,4,4,2,1,2,1,0,0,0,0,0,1,1,1,0,5,2,2,1,1,2,2,13
218,214,1,0,18,1,1,0,3,4,4,4,1,2,1,2,0,0,0,0,1,1,1,1,1,4,3,5,1,4,2,9,15
219,486,1,1,15,1,0,1,4,4,0,2,2,0,1,3,0,0,1,0,1,1,1,1,0,4,2,2,1,1,5,2,13
220,526,1,0,15,1,0,1,4,3,0,2,2,1,2,4,0,1,1,0,0,1,1,1,0,2,2,2,1,1,3,6,11
221,454,1,0,15,1,1,1,3,3,4,4,2,0,1,2,0,0,0,0,1,0,1,1,0,5,3,2,1,1,2,0,12
222,97,1,1,17,1,0,0,4,4,4,0,0,0,2,2,0,1,1,0,0,1,1,0,0,4,1,4,1,1,1,2,13
223,291,1,1,16,1,0,1,1,1,2,2,2,1,4,1,0,1,1,0,1,0,1,1,1,5,5,5,5,5,5,0,16
224,272,1,1,17,1,1,1,2,1,4,4,0,1,1,2,0,0,0,0,1,1,1,1,0,4,2,3,2,2,2,2,14
225,315,0,0,18,0,0,1,4,4,3,2,3,0,3,1,0,0,1,1,1,1,1,1,1,2,5,5,1,1,1,5,14
226,545,1,0,17,1,1,1,4,3,0,4,2,0,2,2,0,0,0,0,1,1,1,1,0,4,4,4,4,4,4,0,11
227,264,0,1,19,1,1,0,1,1,3,4,2,0,1,1,0,0,1,0,0,1,0,0,0,1,4,4,1,1,5,0,7
228,118,1,1,18,1,0,1,2,1,2,4,1,0,1,2,3,0,1,0,1,1,0,1,1,5,4,5,1,3,5,10,8
229,549,1,1,18,1,0,1,1,4,4,0,0,0,1,2,0,1,1,0,0,0,1,0,1,3,4,4,1,2,5,2,11
230,154,0,1,16,0,0,1,4,4,0,0,2,0,2,3,0,0,0,0,1,1,1,1,1,4,2,2,1,1,4,6,17
231,602,0,0,17,0,1,1,1,2,3,2,1,0,1,1,0,0,1,0,1,1,1,1,0,5,5,5,5,5,3,4,11
232,627,0,1,18,1,0,1,2,2,2,3,1,1,2,2,0,0,0,0,1,0,1,1,0,4,3,5,1,1,1,2,14
233,434,1,0,16,1,1,0,4,4,0,1,1,0,1,2,0,0,1,0,0,1,1,0,0,4,1,3,3,5,5,6,10
234,645,1,0,15,0,0,1,2,3,3,2,2,0,1,2,0,1,0,1,1,1,1,0,0,4,4,4,1,1,1,0,8
235,495,1,0,16,1,0,1,4,4,2,2,2,0,1,3,0,0,1,0,1,1,1,1,0,5,3,3,1,3,5,0,13
236,98,1,1,16,1,0,0,2,2,4,4,1,0,1,2,0,1,1,0,0,1,1,1,0,3,3,4,1,1,4,0,13
237,480,1,0,15,1,0,1,3,4,4,4,0,0,1,2,0,0,1,0,1,1,1,1,0,5,5,1,1,1,5,0,13
238,34,1,1,17,1,0,1,1,1,4,4,2,0,1,2,0,0,1,0,0,0,1,0,0,4,4,4,1,3,1,0,15
239,625,0,1,16,0,0,0,2,2,1,4,2,0,1,2,0,0,0,0,0,0,1,0,1,3,3,2,1,1,3,2,10
240,21,0,1,17,0,1,0,3,1,4,3,2,2,2,3,0,0,1,1,0,1,0,0,0,4,2,3,2,2,3,5,8
241,119,1,0,16,1,0,1,2,3,4,4,2,0,2,3,0,0,1,0,0,0,1,1,1,3,2,3,2,2,1,4,13
242,86,1,1,16,1,0,1,4,3,4,3,2,0,1,3,0,1,1,0,0,1,1,1,0,5,3,5,1,1,3,2,13
243,378,0,1,16,1,1,1,1,1,3,4,3,0,3,2,0,0,1,0,0,1,1,1,0,4,3,2,1,3,5,6,8
244,635,1,1,18,1,0,1,3,4,4,4,2,0,1,1,0,0,1,0,1,1,1,1,1,5,4,4,1,1,1,4,14
245,558,0,0,16,0,1,1,1,1,3,4,2,0,2,1,0,0,0,0,1,1,1,1,0,4,5,5,2,4,5,0,9
246,479,1,1,16,1,0,1,4,4,0,2,0,0,1,3,0,0,1,0,1,0,1,1,0,5,3,2,1,1,5,4,16
247,612,1,1,15,1,0,1,2,1,2,4,1,1,3,3,0,0,1,0,1,1,1,1,0,5,2,2,1,1,4,0,13
248,513,1,1,17,1,0,1,1,1,3,4,2,1,1,2,0,0,1,0,0,0,1,1,0,5,3,3,1,1,3,2,11
249,284,0,1,15,1,0,1,2,1,3,4,0,0,1,2,0,1,1,0,0,0,1,1,0,4,4,2,3,3,2,0,9
250,246,0,1,18,1,0,1,1,2,4,4,2,1,1,2,1,0,1,0,1,1,1,1,1,3,4,4,2,3,5,9,8
251,488,0,1,17,0,0,1,1,1,4,4,3,1,1,1,1,0,1,0,0,0,0,1,0,5,4,4,2,2,5,0,7
252,576,0,0,15,0,0,1,1,2,4,2,2,0,3,2,0,0,1,0,1,1,1,0,0,5,5,5,1,3,5,11,10
253,37,1,1,16,0,0,1,1,1,4,2,1,0,2,1,0,0,1,0,1,1,1,0,1,3,3,3,1,2,1,8,11
254,636,1,1,16,1,0,1,4,2,2,4,2,0,1,2,0,0,1,1,0,1,1,1,0,4,2,3,1,1,5,2,16
255,483,1,0,17,1,0,1,3,2,2,2,2,0,1,1,3,0,1,1,1,1,1,1,0,5,5,5,2,4,5,2,7
256,582,1,1,17,1,0,1,3,2,1,1,1,1,1,4,0,0,1,0,1,0,1,1,0,5,2,2,1,2,5,0,18
257,563,1,0,16,1,0,1,3,2,4,4,0,0,1,1,0,0,1,0,0,0,1,1,0,5,4,3,1,1,5,4,12
258,502,1,1,18,1,1,0,2,4,2,4,2,0,2,2,1,0,1,0,0,1,1,1,0,4,3,3,1,1,3,18,10
259,26,1,0,16,1,0,1,4,3,0,4,0,0,1,2,0,0,1,1,1,1,1,1,0,3,4,3,2,3,3,4,11
260,410,1,0,17,1,1,1,2,3,2,2,1,1,1,2,0,0,1,0,0,0,1,1,0,5,3,3,1,3,3,0,11
261,540,1,0,15,1,1,1,2,2,2,1,1,0,1,4,0,0,1,0,1,1,1,1,0,4,3,4,1,1,4,2,12
262,164,1,0,18,1,1,1,4,4,4,4,1,1,1,1,0,0,1,0,0,1,1,1,0,4,2,5,3,4,5,2,11
263,43,1,0,18,1,0,1,4,3,0,4,2,0,1,2,0,0,1,0,0,0,1,1,0,4,3,2,1,1,3,2,11
264,38,1,1,16,1,0,1,3,3,4,2,0,0,1,2,0,1,1,0,1,1,1,1,0,4,3,3,2,4,5,4,11
265,453,1,1,18,1,1,0,4,4,1,4,0,0,1,2,0,0,1,1,0,1,1,1,1,4,2,4,1,1,4,0,15
266,587,1,0,19,1,0,1,2,1,4,4,1,0,1,1,0,0,0,0,0,1,1,1,0,5,3,4,1,4,4,10,11
267,148,0,0,15,1,0,1,2,2,1,4,1,0,3,1,0,0,0,0,0,1,1,0,0,4,3,3,1,2,4,1,13
268,23,0,1,17,1,1,1,4,4,3,3,2,0,1,2,0,0,1,0,1,1,1,1,1,2,3,4,1,1,1,4,15
269,456,1,0,18,1,0,1,2,2,2,4,0,0,1,2,0,0,1,0,1,1,1,1,0,4,4,4,2,4,5,10,11
270,200,1,1,16,1,1,1,2,2,4,3,2,1,2,2,1,1,0,0,1,1,1,1,0,4,3,3,2,2,5,14,11
271,316,1,1,18,1,1,0,2,2,2,4,1,0,2,2,0,0,1,0,0,1,1,1,0,4,1,4,1,3,4,10,17
272,476,0,1,16,0,1,1,2,2,4,4,0,1,3,1,0,0,1,0,1,1,1,0,1,4,3,2,1,1,4,0,16
273,112,1,1,16,1,0,1,2,3,2,2,2,0,1,2,0,0,0,0,0,1,1,1,0,4,3,3,1,1,2,6,13
274,41,1,1,17,1,1,1,2,4,2,2,2,1,1,2,0,0,0,0,1,1,1,1,1,4,3,2,1,1,5,8,16
275,614,0,1,15,0,1,1,2,1,3,4,0,0,2,1,0,0,0,0,0,1,0,0,0,1,3,4,1,1,1,0,9
276,199,0,0,17,0,0,1,1,1,4,2,3,1,3,1,0,0,0,0,0,0,0,0,0,4,2,3,3,4,4,4,14
277,288,0,1,15,0,1,1,1,1,3,2,1,1,2,2,0,0,1,0,0,1,1,1,0,5,4,3,1,2,4,0,10
278,226,1,1,17,0,1,1,3,1,2,4,1,0,2,4,0,0,1,0,0,1,1,0,0,3,1,2,1,1,3,0,19
279,168,1,1,16,1,0,1,2,2,2,2,0,0,1,1,0,0,1,0,0,0,1,1,0,1,2,2,1,3,5,6,12
280,303,0,1,17,0,0,1,4,4,0,2,3,1,2,2,0,0,1,1,1,1,1,1,0,4,3,3,1,2,5,2,12
281,195,1,1,16,0,0,1,1,1,3,4,2,0,4,2,0,0,1,0,0,1,1,0,0,5,1,3,1,1,3,0,13
282,404,1,1,17,1,0,1,1,1,3,2,2,0,1,2,0,0,0,0,1,1,1,1,0,5,3,3,1,1,3,0,12
283,17,1,1,17,1,1,1,2,2,4,4,2,1,1,1,0,0,1,0,0,1,1,1,1,3,4,4,1,3,5,2,12
284,253,0,0,16,0,0,1,2,1,4,2,1,0,2,2,0,0,0,0,1,1,1,1,0,5,2,1,1,1,2,0,0
285,523,1,0,15,1,0,1,4,4,1,1,3,1,1,1,0,0,1,1,0,1,1,1,0,5,4,2,1,1,5,0,12
286,471,1,0,16,1,1,1,1,1,2,4,2,0,1,2,2,0,0,0,0,1,1,0,1,4,4,4,1,3,5,0,10
287,114,1,0,16,1,0,1,4,4,2,2,3,0,1,1,0,1,1,0,1,1,1,1,0,4,5,5,5,5,4,12,8
288,12,1,0,16,1,0,1,3,3,2,4,0,1,1,3,0,0,1,0,1,1,1,1,0,5,3,3,1,1,5,4,14
289,500,1,1,15,1,0,1,1,1,3,4,2,0,3,1,0,0,1,0,1,0,1,1,1,4,3,3,1,2,4,6,13
290,455,1,0,17,1,1,1,2,2,4,4,0,1,1,2,0,0,0,0,1,0,1,1,1,4,4,2,5,5,4,0,16
291,185,0,0,16,0,1,0,4,4,3,4,0,0,1,2,0,0,1,0,0,1,1,0,0,5,3,2,1,3,2,5,11
292,143,0,1,18,1,0,1,2,3,3,2,2,1,2,1,0,0,1,0,0,1,1,1,1,5,2,3,1,2,4,0,10
293,144,0,1,17,0,0,1,2,3,4,4,2,0,2,1,0,0,1,0,0,1,1,1,0,5,5,5,1,3,3,2,12
294,539,1,1,15,1,1,0,2,1,3,4,0,0,2,1,0,0,1,0,1,1,0,1,1,4,4,2,1,1,5,0,10
295,551,0,1,16,1,0,1,1,1,4,4,2,2,1,4,0,1,1,0,1,1,1,1,0,2,2,1,1,1,5,0,14
296,210,1,1,16,1,0,1,4,4,1,1,1,0,1,2,0,0,1,0,0,1,1,1,1,4,4,2,1,1,3,0,17
297,176,1,1,21,1,1,1,4,4,4,4,1,2,1,3,2,0,0,1,1,1,1,1,0,3,3,2,1,1,5,0,12
298,267,1,1,15,1,0,1,4,3,2,4,1,0,1,1,0,0,0,0,1,1,1,1,0,4,5,5,1,3,1,6,13
299,377,0,1,15,0,0,1,3,3,4,2,2,1,2,1,0,0,0,0,0,0,1,1,0,4,1,3,1,1,4,0,16
300,212,1,1,19,1,1,0,2,3,3,4,0,2,2,1,1,0,0,0,0,1,0,1,0,2,2,3,3,4,5,16,11
301,344,0,1,15,0,0,1,1,1,3,2,3,0,1,1,1,0,1,0,0,1,1,0,1,4,1,3,1,1,2,6,10
302,530,1,1,16,1,0,1,3,2,4,4,1,0,1,2,0,0,1,0,0,1,1,1,0,1,2,2,1,2,1,8,16
303,91,1,1,19,1,0,1,1,1,4,4,2,2,3,3,0,0,0,0,1,1,0,0,1,1,5,5,4,3,5,12,11
304,111,0,1,16,0,1,1,3,4,3,4,3,0,3,2,0,0,1,0,0,0,1,0,0,4,2,1,1,1,2,2,8
305,202,1,0,16,1,0,1,2,1,3,4,2,0,4,1,0,0,0,0,0,1,1,0,0,3,2,1,1,1,2,4,11
306,266,1,0,19,1,1,0,4,3,2,3,1,0,1,2,0,0,1,0,0,1,1,1,0,4,3,1,1,1,1,4,14
307,166,1,1,17,1,0,1,4,3,1,2,1,0,1,3,0,0,1,0,0,1,1,1,0,4,2,2,1,2,3,0,18
308,175,1,0,16,1,0,1,4,4,0,0,2,1,1,2,0,0,1,0,1,1,1,1,0,5,4,4,1,2,5,6,14
309,608,1,0,17,0,1,0,4,4,0,4,2,0,2,2,0,0,1,0,0,1,1,1,0,3,3,3,2,3,4,0,12
310,117,0,0,16,0,0,1,3,2,2,4,2,1,2,1,0,0,0,0,0,1,1,1,0,4,5,5,2,3,5,2,10
311,57,0,1,16,0,1,1,2,2,4,4,2,0,1,3,0,0,1,0,0,0,1,0,1,4,3,3,2,2,5,2,11
312,519,0,0,16,0,0,1,3,4,4,1,3,0,3,2,0,0,0,0,0,0,1,0,0,3,4,5,1,2,5,4,11
313,277,1,1,16,1,0,1,2,2,4,4,0,0,1,2,0,0,1,0,0,0,1,1,0,5,1,5,1,1,4,0,13
314,464,0,1,16,0,0,1,2,2,3,4,2,0,2,2,1,0,1,0,1,0,1,0,0,4,4,4,2,3,5,2,12
315,345,1,1,15,1,0,1,4,4,0,0,2,0,2,1,0,0,0,0,1,1,1,1,0,4,3,2,1,1,5,6,14
316,446,1,1,18,1,0,1,1,1,4,4,0,0,2,2,0,1,0,0,1,1,1,1,0,5,4,4,1,1,4,0,13
317,183,1,0,18,1,1,1,2,2,4,4,2,0,1,4,0,0,1,1,1,1,1,1,0,4,5,5,2,4,5,0,12
318,89,1,0,15,1,0,1,4,4,1,2,0,0,1,2,0,0,1,1,0,0,1,1,0,5,4,2,3,4,5,0,11
319,590,1,0,15,1,1,1,2,2,2,2,0,0,2,2,0,0,0,1,1,1,1,1,0,5,3,3,1,3,4,2,13
320,87,1,1,18,1,1,0,2,1,4,4,2,0,1,2,0,0,1,0,0,0,1,1,1,4,3,4,1,3,5,2,13
321,203,0,0,18,0,0,1,4,2,4,4,0,1,2,1,1,0,0,1,0,1,1,0,0,5,4,3,4,3,3,0,0
322,457,0,1,16,0,0,1,2,2,4,4,2,0,3,2,0,0,1,0,0,1,1,1,0,4,4,5,1,1,4,4,11
323,632,1,0,16,0,0,1,4,2,0,2,3,0,1,1,0,0,1,0,1,1,1,1,1,4,3,3,3,4,3,8,11
324,568,1,0,17,1,1,0,4,1,2,4,0,0,2,1,0,0,0,0,1,1,1,1,1,4,5,4,2,4,5,22,10
325,28,1,0,18,0,1,0,3,4,4,4,1,0,2,2,0,0,1,0,1,1,1,1,0,4,2,5,3,4,1,6,16
326,642,1,1,18,1,0,1,2,2,3,4,2,0,4,2,0,0,0,0,1,1,1,0,1,4,2,5,1,1,2,2,10
327,437,1,0,18,1,0,1,4,4,0,2,0,1,1,2,0,0,1,0,1,1,1,1,0,4,3,3,2,2,2,0,13
328,107,0,1,18,0,1,1,2,2,2,2,2,0,1,2,1,0,1,0,1,1,1,1,0,2,3,3,1,2,4,3,8
329,301,0,0,16,0,0,1,1,2,4,4,2,1,2,2,0,0,0,0,0,1,1,0,0,4,3,3,1,1,5,0,11
330,110,1,0,17,1,0,1,2,1,4,4,0,0,2,1,3,1,1,0,1,1,0,1,0,4,5,1,1,1,3,0,10
331,256,0,1,20,1,0,1,3,3,3,2,3,0,2,2,1,0,0,0,1,1,1,1,1,3,3,4,2,4,3,8,10
332,129,0,1,17,1,0,1,4,2,0,2,0,0,1,2,0,1,1,0,1,1,1,1,0,5,5,5,1,3,5,0,0
333,477,1,0,17,0,0,1,3,4,3,4,2,0,3,2,0,0,0,0,0,1,1,0,0,5,4,5,2,4,5,2,10
334,311,0,1,18,0,0,1,2,2,4,4,3,0,2,1,1,0,0,0,0,1,0,1,1,5,5,5,1,1,3,0,0
335,312,1,0,16,0,1,1,3,3,0,4,0,1,3,1,0,0,1,0,1,1,1,1,0,3,3,4,3,5,3,16,12
336,77,1,1,16,1,1,1,2,2,2,2,2,0,3,2,0,0,1,0,0,1,1,1,0,4,3,3,2,3,4,0,13
337,0,1,0,19,1,0,1,3,2,2,3,0,0,1,1,0,0,1,0,0,1,0,1,1,4,5,4,1,1,4,6,11
338,575,1,1,17,1,1,1,2,2,2,2,2,1,1,4,0,0,0,0,1,1,1,1,1,3,4,1,1,1,2,2,12
339,520,0,1,16,1,0,1,4,4,0,2,2,0,2,3,0,0,1,0,0,1,1,1,1,5,3,5,1,4,5,1,12
340,78,0,1,16,0,0,1,1,1,3,4,3,0,2,1,0,0,0,0,1,1,1,1,1,4,2,2,4,3,2,0,14
341,251,0,1,18,1,1,0,1,1,3,2,2,0,1,2,0,0,0,0,0,1,1,0,1,5,2,3,1,2,3,2,11
342,400,0,1,17,0,1,0,2,1,2,4,1,0,2,2,0,0,0,0,1,1,1,1,1,5,3,3,1,2,2,5,12
343,6,1,1,17,1,1,0,4,2,0,4,2,0,1,2,0,0,1,0,1,1,1,0,0,4,3,2,1,1,4,4,14
344,8,1,0,18,1,0,1,4,4,0,2,0,0,2,1,0,0,0,0,1,1,1,1,0,3,2,4,1,4,3,6,12
345,547,1,1,15,0,0,1,3,4,2,1,2,0,1,3,0,1,1,0,1,1,1,1,0,4,3,2,1,1,5,2,12
346,611,1,1,15,0,0,1,1,1,3,4,0,0,2,4,0,1,1,1,1,1,1,1,0,3,1,2,1,1,1,4,13
347,322,0,0,15,1,0,1,3,1,4,2,0,0,2,1,0,0,1,0,0,1,1,0,0,3,2,3,1,3,4,0,11
348,139,1,1,17,1,0,1,2,4,3,1,1,0,2,2,0,0,1,0,0,1,1,1,1,4,3,3,1,1,1,6,16
349,260,0,1,18,0,0,1,1,1,3,4,3,0,1,2,1,0,1,0,0,1,1,1,1,4,3,2,1,1,5,9,7
350,435,1,1,18,1,1,1,4,3,1,2,2,0,2,1,0,0,1,0,0,1,1,1,0,3,2,4,1,4,1,8,15
351,343,0,1,15,0,0,1,3,3,2,4,1,0,1,2,0,0,1,0,0,1,1,1,1,4,5,4,1,1,1,4,12
352,99,1,1,17,1,0,0,4,3,2,2,2,0,1,2,0,0,1,0,0,1,1,1,1,5,2,2,1,2,5,14,17
353,64,1,1,17,0,0,1,2,4,3,4,2,1,1,3,0,0,1,0,0,1,1,1,1,4,4,3,1,1,5,0,15
354,607,1,1,16,1,0,1,2,2,4,4,1,0,1,4,0,0,0,0,0,1,1,1,1,5,2,3,1,3,3,1,13
355,281,1,1,18,0,0,0,3,2,4,2,0,0,2,2,0,0,0,0,0,0,0,1,1,4,1,1,1,1,5,15,10
356,588,1,0,15,1,0,0,3,4,2,4,2,0,1,2,0,0,1,0,1,1,1,1,0,5,4,4,1,1,1,0,16
357,560,1,0,19,1,0,1,4,2,1,4,2,0,2,2,0,0,1,0,1,1,1,1,1,5,4,4,1,1,1,9,10
358,83,1,1,16,1,0,1,4,3,1,4,0,0,1,2,0,0,1,0,1,1,1,1,0,4,3,5,1,5,2,2,15
359,31,0,1,19,1,0,1,2,3,3,2,2,2,1,1,1,0,0,0,0,1,0,1,1,4,4,4,1,1,2,0,10
360,465,1,1,19,1,0,1,2,2,2,2,0,0,1,2,0,0,1,0,0,1,1,1,0,4,3,3,1,1,5,0,11
361,544,0,0,18,0,1,1,3,2,2,4,2,0,3,1,0,0,0,0,0,0,1,1,0,4,4,1,3,4,5,4,11
362,537,1,1,18,1,0,1,3,2,3,4,1,1,1,3,0,0,1,0,0,1,1,1,1,4,3,4,1,2,2,5,17
363,67,1,1,18,1,0,1,4,3,4,4,1,1,1,4,0,0,1,0,0,1,1,1,0,4,3,3,1,1,3,0,17
364,508,1,0,16,1,1,1,1,1,4,4,0,0,2,2,0,0,1,0,0,1,1,1,0,3,4,2,1,1,5,2,9
365,192,1,0,17,1,1,0,4,4,1,4,1,0,1,3,0,0,1,0,0,1,1,1,0,4,4,2,1,2,4,2,15
366,445,0,1,17,1,0,1,2,2,4,3,2,0,1,1,0,0,1,0,1,1,0,0,0,4,5,3,1,1,5,4,10
367,22,1,0,15,1,0,1,4,2,0,4,0,0,1,2,0,0,1,0,0,1,1,0,0,4,3,3,2,2,5,4,13
368,275,0,0,18,0,1,1,1,2,3,2,3,1,3,1,0,0,1,0,1,1,0,1,1,4,3,3,2,3,3,3,10
369,170,1,1,16,1,1,0,3,3,4,2,0,0,1,2,0,0,1,0,0,1,1,1,0,2,3,5,1,4,3,6,13
370,323,1,0,17,1,0,1,3,2,2,2,2,0,2,1,3,0,1,0,1,0,0,0,0,4,5,2,1,1,2,10,8
371,258,0,1,18,1,0,1,3,3,2,2,3,0,2,2,0,0,1,0,0,1,1,1,1,4,3,2,1,3,3,6,13
372,53,1,0,15,0,0,1,3,4,3,0,2,0,4,2,0,0,1,0,0,1,1,0,1,5,3,3,1,1,5,2,11
373,124,1,1,18,1,0,1,3,2,4,2,3,0,1,3,0,0,0,0,0,1,1,1,1,5,4,3,2,3,1,4,17
374,497,1,0,17,0,0,1,1,1,4,4,0,1,2,3,0,0,0,0,0,0,1,1,1,4,3,3,1,1,1,2,15
375,370,1,1,19,1,1,0,1,1,4,4,2,2,3,2,2,0,1,0,0,0,1,1,1,5,3,4,1,1,4,2,9
376,337,1,1,17,0,1,1,1,1,3,4,2,0,2,3,0,0,0,0,1,1,1,1,0,4,3,3,1,3,5,4,15
377,531,1,1,16,1,1,1,2,4,4,1,2,1,2,2,0,0,1,0,1,1,1,1,1,4,2,2,1,2,5,2,13
378,72,0,0,17,0,1,1,1,3,4,4,2,1,2,1,0,0,0,0,1,1,1,0,1,5,1,2,3,3,5,2,12
379,622,1,0,16,1,0,1,3,1,4,4,1,0,1,1,0,0,0,0,1,1,1,0,0,5,3,2,2,2,5,0,14
380,613,1,0,15,0,0,1,2,1,1,2,1,0,1,2,0,0,0,0,1,1,1,1,1,5,4,2,1,1,5,4,10
381,109,0,1,16,0,0,1,1,1,3,4,2,1,2,2,3,1,1,0,0,1,1,0,0,3,4,3,1,1,1,0,8
382,579,0,0,17,0,0,1,4,4,1,4,2,1,3,1,3,0,0,0,1,1,1,1,1,3,3,3,1,3,5,2,8
383,463,0,0,17,1,0,1,1,2,4,4,2,1,1,1,1,0,1,0,1,1,0,1,1,5,3,5,5,5,1,12,7
384,191,0,0,17,1,0,1,3,3,2,3,2,0,2,4,1,0,1,1,1,1,1,0,0,5,4,5,3,4,5,0,10
385,39,1,0,18,1,0,1,4,2,1,4,1,1,1,2,0,0,1,0,1,1,1,1,1,5,4,5,1,3,5,4,14
386,422,1,0,16,0,0,1,4,4,0,0,2,0,1,1,0,0,0,0,1,1,1,1,0,3,5,5,2,5,4,8,15
387,60,1,0,18,1,1,1,3,4,2,4,0,0,1,2,0,0,0,0,1,1,1,1,1,4,3,3,1,3,5,6,17
388,524,1,1,20,0,0,1,1,1,4,4,1,2,2,3,0,0,0,0,0,1,1,1,1,3,2,2,1,3,3,8,15
389,648,0,1,18,0,0,1,2,2,3,4,3,0,2,3,0,0,0,0,0,1,1,0,0,5,3,3,1,3,4,0,15
390,451,1,0,15,1,0,1,4,4,2,0,2,1,1,2,0,0,1,0,1,1,1,1,0,4,3,3,1,1,5,0,15
391,341,1,1,16,1,1,1,3,1,4,4,0,1,1,2,0,1,1,0,0,1,1,0,0,3,3,3,2,3,2,0,12
392,417,0,0,19,1,0,1,3,2,3,2,2,0,2,1,3,0,0,0,1,1,1,0,0,3,2,1,1,1,3,4,9
393,371,1,0,18,1,0,1,2,2,4,4,0,0,2,2,3,0,1,1,0,1,1,1,0,3,3,3,5,5,4,9,10
394,460,1,1,18,1,1,1,4,2,0,4,2,0,1,2,0,0,1,0,1,1,1,1,0,4,2,2,1,1,3,0,17
395,153,1,0,16,1,0,1,3,3,2,4,0,0,1,2,0,0,0,0,1,1,1,1,1,4,2,3,1,2,3,0,13
396,542,1,1,15,0,0,1,2,2,3,4,1,0,1,1,0,1,1,0,1,1,1,0,0,4,3,1,1,1,2,8,12
397,348,0,0,18,1,1,1,4,4,0,2,3,0,2,3,0,0,0,0,0,1,1,1,1,4,2,2,2,2,5,0,16
398,646,1,0,16,1,0,1,1,0,4,4,1,0,2,2,0,0,1,0,1,1,1,1,1,4,3,2,1,1,3,0,18
399,44,0,1,17,0,0,1,2,2,4,4,1,0,2,2,0,0,1,0,1,1,1,0,0,5,3,2,1,1,1,0,17
400,647,1,1,15,1,0,1,2,3,4,4,3,1,2,1,0,0,1,0,1,1,1,0,0,3,5,1,1,1,5,4,11
401,391,0,0,16,1,0,1,2,1,1,2,3,0,2,2,0,0,0,0,0,0,1,1,1,4,2,2,1,4,5,2,8
402,221,1,1,16,1,0,1,2,2,4,4,0,0,1,2,0,0,0,0,0,1,1,1,1,5,4,4,1,1,5,0,11
403,145,1,1,18,1,0,1,4,3,2,4,0,1,1,2,0,0,1,0,0,1,1,1,1,3,1,2,1,3,2,2,15
404,440,0,1,18,0,0,1,4,4,4,0,3,1,3,2,0,0,1,0,0,0,1,1,1,3,2,2,4,2,5,0,0
405,373,1,1,15,0,0,1,2,4,2,1,2,0,1,3,0,1,1,0,1,1,1,1,0,4,3,2,1,1,5,2,10
406,644,1,1,15,0,1,1,2,2,1,2,1,0,2,2,0,1,1,0,0,1,1,1,0,4,1,3,1,3,4,0,11
407,213,0,0,17,1,1,1,3,1,2,2,2,0,2,1,0,0,0,0,0,0,1,1,0,2,4,5,3,4,2,6,10
408,376,1,0,17,1,1,0,3,2,0,2,0,0,1,1,0,0,0,0,0,1,1,1,0,4,4,4,3,4,3,18,13
409,628,0,0,18,1,0,1,4,4,0,0,0,1,1,2,0,0,0,0,1,0,1,1,0,3,2,4,1,4,2,4,19
410,320,0,1,15,0,0,1,4,4,0,4,2,0,2,1,0,0,0,0,0,1,1,1,1,1,5,1,3,5,5,0,14
411,598,0,0,18,1,1,1,4,4,3,1,0,0,1,4,0,0,1,0,1,1,0,1,1,5,5,5,5,5,5,2,6
412,331,1,1,17,0,0,1,4,2,4,4,2,0,1,3,0,0,1,0,1,1,1,1,0,4,3,4,1,3,5,2,14
413,522,0,1,16,0,0,1,1,2,4,4,0,1,1,3,0,1,1,0,0,0,1,1,1,4,3,4,1,1,3,5,13
414,356,0,1,16,0,1,1,1,2,3,4,2,0,1,2,0,0,0,0,1,1,0,1,0,4,4,5,1,3,3,0,9
415,429,0,1,18,0,0,1,1,1,4,4,0,0,4,3,0,0,0,0,0,1,1,1,0,4,3,2,1,2,4,4,12
416,190,0,1,18,1,1,0,1,2,3,4,1,0,2,2,0,0,0,0,0,1,1,1,0,4,4,3,1,2,4,0,14
417,552,1,1,15,1,0,1,1,2,3,4,2,0,1,2,0,0,1,0,0,0,1,1,0,4,3,2,1,1,5,6,13
418,390,1,0,18,1,0,1,3,2,2,4,2,0,2,1,0,0,0,0,0,1,0,1,0,4,4,5,2,4,5,8,7
419,263,1,0,16,1,0,1,3,2,3,4,1,0,2,3,0,0,0,0,1,1,1,1,1,5,3,3,1,3,2,0,12
420,380,0,1,17,0,0,1,2,2,4,4,3,0,2,2,0,1,0,1,0,1,1,0,0,5,1,3,1,1,5,0,11
421,81,0,1,17,1,1,1,1,1,4,2,2,1,1,3,0,0,1,0,0,1,1,0,1,4,3,3,1,1,3,0,10
422,474,0,1,18,0,0,1,2,2,2,4,0,0,2,3,0,0,0,0,0,1,1,1,1,4,2,1,1,1,4,5,15
423,205,1,1,16,1,0,0,3,4,2,4,2,1,1,1,0,0,0,0,0,1,1,1,0,3,2,1,1,4,5,12,14
424,224,1,1,18,0,0,1,2,2,4,4,0,0,1,2,0,1,0,0,0,1,1,0,0,3,2,3,1,1,5,4,13
425,450,1,1,17,1,0,1,1,1,2,0,1,0,1,3,0,0,1,0,0,1,1,1,0,4,3,3,1,1,3,0,14
426,355,1,1,17,1,0,1,3,3,4,4,0,0,1,3,0,0,0,0,1,0,1,0,0,3,2,3,1,1,4,2,13
427,461,0,0,16,1,0,0,1,2,4,4,3,0,1,3,0,1,0,0,0,1,1,1,0,4,4,3,1,1,5,0,11
428,418,1,0,18,1,1,1,4,3,0,2,2,0,2,1,0,0,0,0,1,1,1,1,0,4,2,3,1,2,1,0,10
429,13,1,1,15,1,0,1,4,2,1,2,0,0,1,3,0,0,1,0,1,1,1,1,1,3,2,2,1,1,5,0,14
430,569,1,1,16,1,0,1,1,3,3,2,0,0,1,2,0,0,0,0,1,0,1,1,1,4,3,5,1,1,3,0,13
431,328,0,0,17,0,0,1,4,3,2,4,0,0,2,2,1,0,1,1,1,0,1,1,1,4,5,5,1,3,2,4,11
432,546,1,1,17,1,0,1,4,3,1,4,1,0,1,3,0,0,1,0,1,1,1,1,1,4,4,3,1,3,4,0,13
433,165,1,1,16,1,0,1,3,3,4,4,0,1,1,2,0,0,1,0,0,1,1,0,0,4,3,2,1,2,5,0,13
434,592,1,1,18,1,0,1,2,1,4,4,0,0,1,2,0,0,1,0,0,1,1,1,1,4,2,5,1,2,1,8,15
435,556,1,0,15,1,0,1,4,3,0,4,2,0,2,2,0,0,1,0,0,1,1,1,0,5,4,3,1,2,3,0,13
436,314,0,0,18,1,1,1,1,1,4,2,0,1,2,1,0,0,0,0,0,0,1,1,1,3,3,2,1,2,3,2,14
437,61,1,0,19,0,1,1,2,1,3,2,2,0,2,3,1,0,0,0,1,1,1,1,1,4,3,1,1,1,5,0,11
438,603,0,1,19,1,0,1,1,1,3,2,2,0,1,3,1,0,0,0,1,1,0,0,1,5,3,1,1,1,3,6,9
439,252,1,1,16,1,1,1,1,1,3,3,2,0,1,1,0,0,0,0,0,1,1,1,0,3,4,4,3,3,1,4,11
440,432,0,0,20,0,0,1,1,1,4,4,2,2,2,1,1,0,1,0,0,1,0,1,1,4,4,3,2,4,4,12,10
441,96,1,1,17,1,0,1,4,4,1,1,2,0,1,1,0,0,0,0,1,1,1,1,0,5,3,4,1,2,5,2,17
442,586,1,1,16,1,0,1,4,2,1,2,0,1,1,2,0,0,0,0,0,1,1,1,1,4,2,3,1,1,3,0,18
443,113,0,0,17,1,0,1,3,3,1,4,2,0,2,2,1,0,1,0,0,1,1,1,0,4,5,4,2,3,3,4,10
444,70,0,0,18,0,0,1,2,1,4,4,3,0,2,1,0,0,0,0,1,0,1,1,1,4,4,3,1,3,5,0,0
445,561,1,1,18,1,0,1,4,4,1,1,1,1,1,2,1,1,1,0,1,1,1,1,1,2,4,4,1,1,4,2,13
446,362,1,1,15,1,1,0,3,3,4,4,3,0,1,1,0,0,0,0,0,1,1,1,0,5,3,4,4,4,1,0,13
447,399,0,0,18,1,1,1,4,4,2,4,1,0,1,1,0,0,1,0,1,1,1,1,0,5,4,5,1,1,5,3,17
448,184,1,1,17,1,0,1,2,2,3,3,2,0,1,3,0,0,1,0,1,1,1,1,0,4,3,3,1,1,4,0,13
449,577,1,1,17,1,1,1,3,2,4,4,1,0,2,2,0,0,0,0,0,1,1,1,0,4,4,4,1,3,1,2,15
450,467,1,1,16,1,0,1,4,4,2,2,1,0,1,3,0,0,1,0,1,1,1,1,0,3,2,3,1,2,2,10,14
451,229,0,1,18,0,1,1,4,4,0,2,2,0,1,2,0,0,0,0,1,1,1,1,0,5,4,3,3,4,2,1,14
452,261,1,1,15,0,0,1,1,1,4,4,2,0,3,1,1,0,0,0,1,1,1,1,1,5,5,5,1,1,1,2,9
453,309,1,1,17,0,1,1,2,2,2,2,2,0,1,3,0,0,1,0,1,1,1,1,0,3,3,2,2,2,3,0,10
454,346,1,1,16,1,0,1,2,1,4,4,0,0,1,1,0,0,0,0,0,1,1,1,1,4,5,2,1,1,5,4,10
455,518,1,0,16,1,0,1,3,1,4,4,1,1,2,4,0,0,1,0,0,1,1,1,0,4,3,2,1,1,5,2,11
456,496,1,1,18,1,0,1,2,2,3,2,0,0,1,3,0,0,1,0,1,1,1,1,1,4,3,3,1,1,3,0,13
457,361,0,0,18,1,1,1,1,3,3,2,2,0,1,1,0,0,0,0,0,1,0,1,1,4,3,3,2,3,3,0,9
458,505,1,0,16,1,0,1,4,4,0,0,2,0,1,1,0,0,1,0,0,1,0,1,1,3,3,2,2,1,5,16,8
459,135,1,0,16,1,1,1,2,2,2,2,1,1,2,1,0,0,1,0,1,1,1,1,0,2,3,3,2,2,2,4,11
460,423,0,1,16,0,0,1,2,2,4,2,2,1,3,2,0,0,1,0,1,1,1,1,0,5,3,4,1,1,2,1,14
461,439,0,0,18,1,1,1,1,2,3,2,0,0,2,1,0,0,1,0,0,0,1,0,0,4,1,4,5,5,1,8,11
462,194,0,1,17,0,0,1,3,1,3,4,1,0,1,2,0,0,1,0,1,0,1,1,0,4,5,4,2,3,1,10,9
463,233,1,0,15,1,0,1,3,4,2,2,0,1,1,1,0,1,0,0,0,1,1,1,0,5,5,5,3,2,5,2,9
464,157,1,1,17,1,0,1,3,4,3,2,0,0,1,3,1,0,1,1,0,1,1,1,1,4,4,3,3,4,5,14,8
465,641,1,1,18,1,1,1,2,2,3,2,2,0,1,2,1,0,1,0,0,0,1,1,1,5,3,1,1,1,5,16,10
466,374,1,1,20,0,0,1,2,1,4,4,2,2,2,2,0,0,1,1,1,1,0,1,1,1,2,3,1,2,2,8,12
467,396,1,0,17,1,0,1,4,4,0,0,1,0,1,2,0,1,1,0,1,1,1,1,1,4,5,5,1,3,2,0,13
468,481,0,0,15,0,1,1,4,1,1,2,1,1,1,2,0,0,1,0,1,1,1,1,0,5,3,4,1,2,2,0,14
469,550,0,0,16,1,1,1,4,4,0,1,3,1,1,1,0,0,1,0,0,1,1,1,0,4,1,2,2,5,5,0,12
470,276,1,1,17,1,1,1,4,2,0,2,1,0,1,4,0,0,1,0,1,1,1,1,0,4,2,3,1,1,4,2,17
471,239,1,0,16,1,1,1,1,2,1,2,2,0,2,1,2,0,0,0,0,0,1,1,0,4,4,5,3,5,5,0,10
472,430,1,0,18,1,0,1,2,1,4,4,0,0,1,2,0,0,0,0,1,1,1,1,0,5,2,4,1,2,4,2,16
473,427,0,1,16,0,0,1,2,3,3,2,3,0,2,2,0,0,1,0,1,1,1,1,0,3,3,3,1,1,2,0,10
474,254,0,1,16,0,0,1,1,1,3,4,3,1,4,3,0,1,1,0,0,1,1,0,0,4,4,3,1,1,5,2,10
475,244,0,1,18,0,1,1,4,4,4,4,1,0,2,3,0,0,0,0,0,1,1,1,0,5,4,4,1,1,1,0,17
476,68,0,1,18,1,0,1,1,1,4,4,2,0,2,2,0,0,0,0,1,1,1,0,0,1,1,1,1,1,5,6,9
477,515,0,1,18,0,0,1,2,2,3,4,2,0,3,2,1,0,0,0,1,1,1,0,1,4,3,3,1,1,4,0,0
478,394,0,0,16,1,1,1,4,3,4,4,2,1,1,1,0,0,0,0,1,1,1,1,0,4,2,5,1,5,5,8,13
479,473,1,1,17,0,0,1,3,4,3,2,2,1,1,3,0,0,1,0,1,0,1,1,0,4,3,4,2,5,5,2,17
480,441,0,0,16,0,1,1,1,2,4,3,2,0,1,1,0,0,0,0,0,1,1,0,0,4,4,4,2,4,5,4,11
481,307,1,1,15,1,0,1,1,1,4,2,2,1,1,2,0,0,1,0,0,1,1,1,0,4,4,2,1,2,5,0,12
482,297,0,1,16,1,0,1,1,1,3,4,2,1,1,2,0,0,1,0,0,0,1,0,1,5,4,3,2,1,2,0,15
483,324,0,1,17,0,0,1,2,2,3,4,3,0,1,1,0,0,1,1,0,1,1,1,0,5,1,3,1,2,5,5,9
484,73,1,0,18,1,0,1,2,2,4,2,1,1,1,2,0,0,0,0,0,1,0,1,0,5,5,4,3,5,2,16,8
485,133,1,0,16,1,0,1,3,3,4,2,2,1,1,2,1,0,1,0,0,1,1,1,1,4,5,5,4,4,5,0,1
